Shaozhi Ye,Google
Jim Shuma,Google
Esteban Real,Google
Liz Fong-Jones,Google
Ariel Gutman,Google
Rianne van den Berg,Google
Ryan McDonald,Google
Jason Schiller,Google
Anton Raichuk,Google
Vikas Sindhwani,Google
Stefan Heule,Google
Orhan Firat,Google
Sherol Chen,Google
Andrew Ferraiuolo,Google
ALEXEY KOLESNIKOV,Google
Xavi Gonzalvo,Google
Deborah Cohen,Google
Beryl Nelson,Google
Eduardo Pinheiro,Google
Yu Zhang,Google
Rami Barends,Google
Forrester Cole,Google
Jaehoon Lee,Google
Larry Lindsey,Google
Wolf-Dietrich Weber,Google
Shuang Song,Google
Janara Christensen,Google
Karol Kurach,Google
Ming-Hsuan Yang,Google
Ni Lao,Google
Greg Dennis,Google
Viet Dang,Google
Krzysztof Choromanski,Google
Surojit Chatterjee,Google
J. Chase Kew,Google
Kurt Alfred Kluever,Google
Dmitry Lizorkin,Google
Dan Moldovan,Google
Shawn Hershey,Google
Alexey Gritsenko,Google
Marianne Berkovich,Google
Jennifer Wang,Google
Honggang Sheng,Google
Yoel Drori,Google
Yueqing Wang,Google
RJ Skerry-Ryan,Google
Gleb Skobeltsyn,Google
Yossi Matias,Google
Jonas Jongejan,Google
Simon Glass,Google
Hong Liu,Google
Rohit Prabhavalkar,Google
Daniel Andor,Google
Dan B Goldman,Google
David Rybach,Google
Elizeu Santos-Neto,Google
Martin Churchill,Google
Mona Attariyan,Google
Jasper Snoek,Google
Abhishek Verma,Google
Ashwin Ganti,Google
Tyler Pirtle,Google
Dave O'Connor,Google
Xiang Wang,Google
Dave Patterson,Google
Mukund Sundararajan,Google
Hui Lin,Google
Dan Garrette,Google
Martin Cochran,Google
Yasutaka Furukawa,Google
Joshua Tabak,Google
Eugene Ie,Google
Sébastien Lahaie,Google
Venkatesh Basker,Google
Flip Korn,Google
Sanjay Bhansali,Google
An Zhu,Google
Rich Washington,Google
Patrick S Ryan,Google
Emilia Kasper,Google
Nina Taft,Google
Manpreet Singh,Google
Wilson C. Hsieh,Google
Karl Schnaitter,Google
Sagar Mittal,Google
Alex,Google
Mike Colagrosso,Google
Keith B. Hall,Google
Florian Schroff,Google
Dave Moore,Google
Chelsea Finn,Google
Dirk Holz,Google
Abhishek Kumar,Google
Ashish Vaswani,Google
Dale Webster,Google
Gonçalo Simões,Google
Pavlos Papageorge,Google
Jonathon Shlens,Google
Ignacio Garcia-Dorado,Google
Ben Adlam,Google
Xinliang David Li,Google
Geoff Pike,Google
David Ha,Google
Amir Globerson,Google
Johan Mathe,Google
Jane Chiu,Google
Emilie Danna,Google
Gábor Molnár,Google
Michał Januszewski,Google
Emma Soederberg,Google
T. V. Raman,Google
Piyush Sharma,Google
Elad Eban,Google
Eric Nichols,Google
Eugen Hotaj,Google
Peyman Milanfar,Google
Philip Haeusser,Google
Alyssa Whitlock Lees,Google
Alex Irpan,Google
Prakash Prabhu,Google
Gokulnath Babu Manoharan,Google
Navdeep Jaitly,Google
Manasa Prasad,Google
Apostol (Paul) Natsev,Google
Urs Hölzle,Google
John Elliot Karro,Google
Jasper Uijlings,Google
Hang Qi,Google
Aiyou Chen,Google
Marc A. Coram,Google
Raman Sarokin,Google
Ekin Dogus Cubuk,Google
Katy Blumer,Google
Hongjie Bai,Google
Jan Skoglund,Google
Rico Jonschkowski,Google
Eric Malmi,Google
Rodrigo de Oliveira,Google
Lorenzo Colitti,Google
Sharat Chikkerur,Google
Maxim Gurevich,Google
Ramon Caceres,Google
Yuxuan Wang,Google
Manasi Joshi,Google
Alessandro Epasto,Google
Michael J. Procopio,Google
Krunal Kishor Patel,Google
Matt Trevithick,Google
Massimiliano Ciaramita,Google
Rick Altherr,Google
Christophe Restif,Google
Christoph Best,Google
Bernd Bohnet,Google
Itay Laish,Google
Alex Rudnick,Google
Aleksandr Chuklin,Google
Paul A. Tucker,Google
Rami Al-Rfou,Google
Martin C. Stumpe,Google
Sriraman Tallam,Google
David Minnen,Google
Jean-Michel Picod,Google
Eric Brewer,Google
Carrie Jun Cai,Google
Aleksandra Faust,Google
Teresa Johnson,Google
Donald Metzler,Google
Matthias Zenger,Google
Kerwell Liao,Google
Jim Gao,Google
Shuo-yiin Chang,Google
Jyrki Alakuijala,Google
Luc Vincent,Google
Craig Boutilier,Google
KK Yap,Google
HyunJeong Choe,Google
Rob Springer,Google
Balakrishnan Varadarajan,Google
Stanislav Angelov,Google
Tyler(Lixuan) Zhu,Google
Yutaka I. Leon Suematsu,Google
Elie Bursztein,Google
Andrew Warr,Google
Channing Moore,Google
Gaurav Desai,Google
Johan Tibell,Google
Benjamin Solnik,Google
Kevin Jing,Google
Li Wan,Google
Vincent Scheib,Google
Siqi Liu,Google
Anjuli Kannan,Google
Ofer Naaman,Google
Deepak Ravichandran,Google
Denny Zhou,Google
Yang Li,Google
Zhe Zhao,Google
Joëlle Skaf,Google
Mateusz Jurczyk,Google
Alexey Kurakin,Google
Menglong Zhu,Google
Martín Abadi,Google
Eugene Brevdo,Google
Si Si,Google
Valliappa Lakshmanan,Google
Dimitrios Vardoulakis,Google
Shaun Lysen,Google
Jens Riegelsberger,Google
Stephen DiVerdi,Google
Ketan Mandke,Google
Daniel Silva,Google
Chip Killian,Google
Eugene J. Shekita,Google
Jeremy Kubica,Google
Peter Kairouz,Google
Guillaume Chatelet,Google
Adam Meyerson,Google
Paul Lee,Google
Dominic Hamon,Google
Ben Appleton,Google
Carl Vondrick,Google
Rohit Saboo,Google
Christopher Shallue,Google
Jessica Staddon,Google
Tomer Sharon,Google
Ying Xiao,Google
Kathy Walrath,Google
Caroline Tice,Google
Jingjie Zheng,Google
Junda Liu,Google
Jason Riesa,Google
Samantha Ainsley,Google
Nitin Gangahar,Google
Stephanie Shin-Hui Zhang,Google
Bryan Klingner,Google
Max Saltonstall,Google
Ullas Gargi,Google
Manas Tungare,Google
Yiteng Huang,Google
Erik McDermott,Google
Abhinav Rastogi,Google
Makoto Uchida,Google
Jonathan T Barron,Google
Jean-Philippe Vert,Google
Anna Huang,Google
Ang Li,Google
David H. Alexander,Google
Martin Shelton,Google
Andres Munoz Medina,Google
Umar Syed,Google
Eric Penner,Google
Sami Abu-El-Haija,Google
Paul Klimov,Google
Yishay Mansour,Google
Marc Levoy,Google
Adel Ahmadyan,Google
Andrew Rabinovich,Google
Amit Daniely,Google
Brian Barritt,Google
Kevin P. Murphy,Google
ying sheng,Google
Chuck Rosenberg,Google
John Blitzer,Google
Michael Nirschl,Google
Ted White,Google
Marco Cuturi,Google
Miles Hutson,Google
Wojciech Gajewski,Google
Douglas Eck,Google
William Baxter,Google
Andrew Rice,Google
Antonella Pavese,Google
Gynvael Coldwind,Google
Max Pashkevich,Google
James S. Larson,Google
Arunachalam Narayanaswamy,Google
Sourish Chaudhuri,Google
Radu Soricut,Google
Sarah Loos,Google
Lucy Vasserman,Google
Philip M Wells,Google
Ananda Theertha Suresh,Google
Alireza Shabani,Google
Dave Anderson,Google
Jesse Engel,Google
Ciera Jaspan,Google
Lucia Terrenghi,Google
Yuxiang Yang,Google
Aleksey Shlyapnikov,Google
Catherine Olsson,Google
Markus Freitag,Google
Burcu Karagol Ayan,Google
Divy Thakkar,Google
Chris Harrelson,Google
Curtis Hawthorne,Google
James Wexler,Google
Dan Gnanapragasam,Google
Nathan Germer,Google
Michael Collis,Google
Ian Williams,Google
Anja Gruenheid,Google
Wenbo Zhu,Google
Krzysztof Czuba,Google
Ansley Post,Google
Aaron Segal,Google
Nitesh Goyal,Google
Tom Ouyang,Google
Lucy Colwell,Google
Jie Yang,Google
Matt Mathis,Google
Alex Scott,Google
Peter Collingbourne,Google
Jeremy Maitin-Shepard,Google
Vinny Ganeshan,Google
Edgar Gonzàlez Pellicer,Google
Lei Zhang,Google
Rajat Monga,Google
Jaeheon Yi,Google
Xiang Zhou,Google
Kevin Aydin,Google
Steve Padgett,Google
Hideto Kazawa,Google
Lantian Zheng,Google
Greg Corrado,Google
Yunqing Wang,Google
Jeffrey Korn,Google
Luciano Sbaiz,Google
Michael J. Brzozowski,Google
Rajan Patel,Google
Ellen Spertus,Google
Theo Vassilakis,Google
Manzil Zaheer,Google
David Lo,Google
Sean Fanello,Google
Claudio Gentile,Google
Aart J.C. Bik,Google
Dmitriy Genzel,Google
Neil Birkbeck,Google
Taedong Yun,Google
Oscar Ramirez,Google
Arif Merchant,Google
Malcolm Slaney,Google
Sean Lip,Google
Sergio Boixo,Google
Inbar Mosseri,Google
David Ding,Google
Yinlam Chow,Google
Rob Jackson,Google
Louis Yuanlong Shao,Google
Reena Jana,Google
Ashish Bhambhani,Google
Jeffrey D. Oldham,Google
Hendrik Müller,Google
Rajagopal Ananthanarayanan (ananth),Google
Sundar Dorai-Raj,Google
Eric Rollins,Google
Yannet Interian,Google
Markose Thomas,Google
Stephan Gouws,Google
Simon Kornblith,Google
Erik Kline,Google
Daniel M. Bikel,Google
Tamsyn Waterhouse,Google
Jason Miller,Google
Pedro Gonnet,Google
Yonghui Wu,Google
Eric Anderson,Google
Hai Hong,Google
John Lindsay Orr,Google
Maryam Karimzadehgan,Google
Diane Tang,Google
Andrei Z. Broder,Google
Thomas Brovelli (Meyer),Google
Brian Milch,Google
Sooel Son,Google
Rapha Gontijo Lopes,Google
Yang Song,Google
Philip Nelson,Google
Nicholas FitzGerald,Google
Sergei Vassilvitskii,Google
Alexander E. Mohr,Google
Eric Jang,Google
David Cai,Google
Xiao Zhang,Google
Avital Oliver,Google
Kareem Amin,Google
Aaron Sarna,Google
Fabien Viger,Google
Jim Koehler,Google
Bao Nguyen,Google
Andrew de los Reyes,Google
Pi-Chuan Chang,Google
Gal Elidan,Google
Hans-Juergen Boehm,Google
Delesley Hutchins,Google
Victor Manuel Escobedo,Google
Yu-hui Chen,Google
Andrew Macvean,Google
Matthew McEwen,Google
Minjie Fan,Google
David Applegate,Google
Theodore Ts'o,Google
Hossein Esfandiari,Google
Tim Salimans,Google
Julian Mason,Google
Gopalan Sivathanu,Google
Manjunath Kudlur,Google
Robbie Shade,Google
Kristen LeFevre,Google
Tristan Launay,Google
Yu Zhong,Google
Irfan Essa,Google
Tom Bagby,Google
Sanjay Ghemawat,Google
Mark Segal,Google
Berthier Ribeiro-Neto,Google
Mingyang Zhang,Google
Srini Narayanan,Google
Sudip Roy,Google
Salem Haykal,Google
Fernando Pereira,Google
John Daughtry,Google
Markus Becker,Google
Jason Gurevitch,Google
Martin Bokeloh,Google
Alexander Lloyd,Google
Foad Dabiri,Google
Sarvjeet Singh,Google
Jingyue Wu,Google
Tomas Pfister,Google
Shaowei Png,Google
Carl Lebsack,Google
Paul Carff,Google
Iustin Pop,Google
Heiga Zen,Google
Alireza Fathi,Google
Craig Michael Gidney,Google
Alessandro Bissacco,Google
Fangtao Li,Google
Chris Fry,Google
Stephen Stuart,Google
Hanie Sedghi,Google
Hongrae Lee,Google
Alexander Shraer,Google
Emily Reif,Google
Fay W. Chang,Google
Erik Vee,Google
Chris Welty,Google
Sunny Consolvo,Google
Fei Wu,Google
Soren Pirk,Google
Steven Hand,Google
Bilson Jake Libres Campana,Google
Chris Jones,Google
Rajhans Samdani,Google
Divanshu Garg,Google
Cassidy Curtis,Google
Yangqing Jia,Google
Michael Christoph Muelly,Google
Shih-Wei Liao,Google
Petros Venetis,Google
D. Sivakumar,Google
Tadek Pietraszek,Google
Susanna Ricco,Google
Vitaly Kuznetsov,Google
Warren Kumari,Google
Jelena Pješivac–Grbović,Google
Erik Lucero,Google
James Long,Google
Karthik Krishnamoorthi,Google
Varden Wang,Google
Ramanathan V. Guha,Google
Morteza Zadimoghaddam,Google
Richard Sproat,Google
Karn Seth,Google
Navneet Potti,Google
Ajay J. Joshi,Google
Ruli Manurung,Google
John Cox,Google
Thomas Dean,Google
Golnaz Ghiasi,Google
Ofer Meshi,Google
Oddur Kjartansson,Google
Ankur Bhargava,Google
Daniel Cer,Google
Andrew Selle,Google
A Theeraphol,Google
Neoklis Polyzotis,Google
Siyang Qin,Google
Carlos Colmenares,Google
John Cieslewicz,Google
Thomas K. Leung,Google
Jie Ren,Google
Alejandro Luebs,Google
Ankit Jain,Google
Robert W. Bowdidge,Google
Astrid Weber,Google
Ben Collins-Sussman,Google
"Michael D. Howell, MD MPH",Google
Shibani Sanan,Google
Jingtao Wang,Google
Cyril Allauzen,Google
Deniz Oktay,Google
Scott B. Huffman,Google
Bruno M. Fonseca,Google
Michael R. Marty,Google
Wei-Yen Day,Google
Da-Cheng Juan,Google
Hannes Payer,Google
Kedar Dhamdhere,Google
Dominik Roblek,Google
Jessa D. Mittleman,Google
Andre Araujo,Google
Raluca Sauciuc,Google
Fabian Gallusser,Google
Franjo Ivancic,Google
B. Yang,Google
Simon Baumgartner,Google
Maryam Tohidi,Google
Danny Tom,Google
Tejinder K. Judge,Google
Zhen Qin,Google
Bozhena Bidyuk,Google
Daniel Clifford,Google
Xinyang Yi,Google
Umesh Shankar,Google
Charles Weill,Google
Gaoang Bian,Google
Lusann Yang,Google
April Rasala Lehman,Google
Tom Kwiatkowski,Google
Aspi Siganporia,Google
Swaroop Ramaswamy,Google
Ranjith Unnikrishnan,Google
Noah Fiedel,Google
Maggie Johnson,Google
Thomas Fu,Google
Matthew Henderson,Google
Vlad Tsyrklevich,Google
Alvin Rishi Rajkomar,Google
Vidhya Navalpakkam,Google
Ritendra Datta,Google
Jennimaria Palomaki,Google
Martin Pál,Google
Colin Cherry,Google
Theo Sanderson,Google
Subhasree Mandal,Google
Li-Lun Wang,Google
Yun Liu,Google
Rodrigo Carceroni,Google
Vinay Bettadapura,Google
Sungjoon Choi,Google
Tolga Bolukbasi,Google
Marissa Giustina,Google
Steffen Meschkat,Google
Yair Movshovitz-Attias,Google
Gabe Krabbe,Google
Sandeep Govind Dhoot,Google
Jacob Barrett,Google
Alex Beutel,Google
Gábor Bartók,Google
Walid Krichene,Google
Jingang Miao,Google
Mario Callegaro,Google
Will Drewry,Google
Nevena Lazic,Google
Yanping Huang,Google
Jing Ai,Google
Luheng He,Google
Nandita Dukkipati,Google
Amer Diwan,Google
Stephanie Sapp,Google
Lawrence S. Brakmo,Google
Adam Sadilek,Google
Kevin Canini,Google
Lea Kissner,Google
Yanzhang He,Google
John Hershey,Google
Katrina Sostek,Google
Chieu Nguyen,Google
James Kelly,Google
Diana Borsa,Google
Ashish Sharma,Google
Kyra Singh,Google
Amit Vainsencher,Google
Guy Calvert,Google
Ido Green,Google
Colin Beske,Google
Alessandro Presta,Google
Michael Isard,Google
Tipp Moseley,Google
Jonathan Heek,Google
John Penix,Google
Dieterich Lawson,Google
Daniel Mills,Google
Taylor Marable,Google
Derek Wu,Google
Emily Johnston,Google
Igor Bilogrevic,Google
Félix de Chaumont Quitry,Google
Kai Chen,Google
Dave Bacon,Google
Richard Zens,Google
Julian Ibarz,Google
Jiwoon Jeon,Google
Chris Wren,Google
Javier Snaider,Google
Ke Yang,Google
Mike Ando,Google
Chris Sadler,Google
Rama Kumar Pasumarthi,Google
Dipanjan Das,Google
Sebastian Schaffert,Google
Yong Cheng,Google
Alex Perry,Google
Yuning Chai,Google
Dan Dennison,Google
Sam Hasinoff,Google
Jim Reardon,Google
William Chan,Google
Robert Geisberger,Google
Joonseok Lee,Google
Jennifer Fernquist,Google
Alexey Gusakov,Google
Silvia Pareti,Google
Christos Kozyrakis,Google
Yaroslav Bulatov,Google
Sue Lueder,Google
Luca Bertelli,Google
Konstantin Serebryany,Google
Christian Daniel Howard,Google
Ivan Neulander,Google
Stephan Ellner,Google
Kaihua Zhu,Google
Kevin Wilson,Google
Giulia DeSalvo,Google
Richard F. Lyon,Google
Shubin Zhao,Google
Livio Baldini Soares,Google
Cordelia Schmid,Google
Vinay Shet,Google
Chen Sun,Google
Stephan Gudmundson,Google
Brett Elliott,Google
Jiawen Chen,Google
Petros Maniatis,Google
Sofien Bouaziz,Google
Dina M. Betser,Google
Alex Olwal,Google
Zornitsa Kozareva,Google
Krzysztof Maziarz,Google
Kevin McCloskey,Google
Bill N. Schilit,Google
J. David Morgenthaler,Google
Mohammad Mahdian,Google
Leon Poutievski,Google
Salvatore Candido,Google
Genady Beryozkin,Google
Lasse Espeholt,Google
Tingbo Hou,Google
Steven Ellis,Google
Michael Schwarz,Google
Mike Dusenberry,Google
Hilary Hutchinson,Google
Thierry Coppey,Google
Abhishek Das,Google
Yaogong Wang,Google
Jonathan Huang,Google
Reza Mahjourian,Google
Sajid M. Siddiqi,Google
John C. Platt,Google
Ben Laurie,Google
Alex Brik,Google
Luiz André Barroso,Google
Afshin Rostamizadeh,Google
Dean Michael Berris,Google
Kuzman Ganchev,Google
Shakeel Butt,Google
Praneet Dutta,Google
Lei Yang,Google
Edith Cohen,Google
David Deutscher,Google
Nitish Korula,Google
CATALINA NARANJO-BOCK,Google
Billy Lau,Google
Dong Xin,Google
Alex Alemi,Google
Douglas Aberdeen,Google
Robin Anil,Google
Marta Recasens,Google
Kay H. Brodersen,Google
Nikolay Chirkov,Google
Daan van Esch,Google
Thomas Hofmann,Google
Amarnag Subramanya,Google
Archit Sharma,Google
Gabor Simko,Google
Kathy Baxter,Google
Sameer Ajmani,Google
Alistair C. Veitch,Google
Daniel Myers,Google
Vahab S. Mirrokni,Google
Danny Raz,Google
Himani Apte,Google
Hsiao-keng Jerry Chu (朱曉耕),Google
Suhani Vora,Google
Nicholas Rubin,Google
Omid Madani,Google
Peter Shaw,Google
Willem de Bruijn,Google
Cibu C Johny,Google
Ning Wang,Google
Roy Frostig,Google
Daniele Pighin,Google
Suyog Gupta,Google
Shuai Jiang,Google
Sara L. Su,Google
Marc Cartright,Google
Brian Roark,Google
Shun-Tak Leung,Google
Kshitij Bansal,Google
Raphaël Marinier,Google
Muthuprasanna Muthusrinivasan,Google
Jonathan Shen,Google
Murtaza Motiwala,Google
Jianmin Chen,Google
Olivier Bachem,Google
Alexandrin Popescul,Google
Cliff L. Biffle,Google
Chris Han,Google
Pei-Yu (Peggy) Chi,Google
Keshan Sodimana,Google
Andrew O. Arnold,Google
Andreas Rossberg,Google
Ludwig Schubert,Google
Ahmed Metwally,Google
Quoc V. Le,Google
David Sehr,Google
Vera Axelrod,Google
Steve Gribble,Google
Alexander Potapenko,Google
Assaf  Hurwitz-Michaely,Google
Ian Kelly,Google
Chad Whipkey,Google
Jeffrey Ling,Google
Felix Halim,Google
Daniel Pierce Delorey,Google
Ye Zhang,Google
Ed Parsons,Google
Peter H. Li,Google
Ben Caine,Google
David Cohn,Google
Andrew Swerdlow,Google
Ali Zand,Google
Omer Boyaci,Google
Fadi Biadsy,Google
Nicholas Etienne Clinton,Google
Chris Bond,Google
Ciprian Chelba,Google
Troy T. Chinen,Google
John Lunney,Google
Mark Lentczner,Google
Konstantinos Katsiapis,Google
Sridatta Chegu,Google
Saurabh Saxena,Google
Ori Folger,Google
Jason Baldridge,Google
Aren Jansen,Google
Xiaobing Liu,Google
Christoph Schütte,Google
Ofir Nachum,Google
David Glazer,Google
Craig Chambers,Google
Yinfei Yang,Google
Adam Dickinson,Google
Matthieu Devin,Google
Marvin Ritter,Google
Sam McVeety,Google
Gal Chechik,Google
Markus Rabe,Google
Keith Stevens,Google
Benjamin Börschinger,Google
Mikhail Kozhevnikov,Google
James Atwood,Google
Helge Bahmann,Google
Shobhit Saxena,Google
Amin Vahdat,Google
Healfdene Goguen,Google
Andrew W. Senior,Google
Mohammad Norouzi,Google
Ken Caluwaerts,Google
Daphne Luong,Google
Philip MacKenzie,Google
Megan Ruthven,Google
Stephan Wolf,Google
Jake Marcus,Google
Lihong Li,Google
Yu-An Chung,Google
Manolis Delakis,Google
Hanxiao Liu,Google
Kurt Thomas,Google
Kanishka Rao,Google
Vincent Furnon,Google
Quentin de Laroussilhe,Google
Vijay D'Silva,Google
Nicholas Chi-Yuen Kong,Google
Matthew D. Hoffman,Google
Lawrence Page,Google
Chris Thompson,Google
Sergey Brin,Google
Hector Yee,Google
Dhyanesh Narayanan,Google
David Dohan,Google
Ruoming Pang,Google
Mario Guajardo-Céspedes,Google
Been Kim,Google
Scott Jenson,Google
Asif Islam,Google
Quan Wang,Google
Paul M. Aoki,Google
Rama Govindaraju,Google
Natasha Noy,Google
Fergus Henderson,Google
Sangho Yoon,Google
Zbigniew Wojna,Google
Eric Lee Turner,Google
Daniel Sank,Google
Yongzhe Wang,Google
Mike Perry,Google
Deepak Kumar,Google
Eric Giguere,Google
Gagan Aggarwal,Google
Roee Ebenstein,Google
Hyeontaek Lim,Google
Jialu Liu,Google
Tyler Lu,Google
Aidan N. Gomez,Google
Sashank Reddi,Google
Roee Engelberg,Google
Gregory Kossinets,Google
Ziv Bar-Yossef,Google
Larry P. Heck,Google
Liangliang Cao,Google
Jeffrey Dean,Google
Rene Mayrhofer,Google
Moshe Looks,Google
Vittorio Ferrari,Google
Walfredo Cirne,Google
Yunting Sun,Google
Jan A. Botha,Google
Dilek Hakkani-Tur,Google
Tobias Flach,Google
Max Senges,Google
Sebastian Goodman,Google
Eric Breck,Google
Jonathan Zolla,Google
Harry Bleyan,Google
Rory Ward,Google
Iulia-Maria Comșa,Google
Dominique Shipmon,Google
Mustaq Ahmed,Google
David Berthelot,Google
Holden Karau,Google
Fabio Riccardi,Google
Nadav Eiron,Google
Julia Wilkowski,Google
Mohammadreza Ghodsi,Google
Zheng Xu,Google
Tim Hesterberg,Google
Jeffrey De Fauw,Google
Peter J. Liu,Google
Chi-yao Hong,Google
Yang Song,Google
Sayali Kulkarni,Google
Aseem Agarwala,Google
Vinton G. Cerf,Google
Mingxing Tan,Google
Tania Bedrax-Weiss,Google
Ankit Singh Rawat,Google
Corinna Cortes,Google
Serena Lutong Wang,Google
Boqing Gong,Google
Nicolas Le Roux,Google
Or Litany,Google
Rafael Sanchez,Google
Frederico Quintao,Google
Nicolas Papernot,Google
Hartwig Adam,Google
Congcong Li,Google
Julia Proskurnia,Google
Francesco Piccinno,Google
Arun Narayanan,Google
Kasumi Widner,Google
H. Brendan McMahan,Google
David Reitter,Google
Kyle Gorman,Google
Steven Euijong Whang,Google
Jia-Yu (Tim) Pan,Google
Alex Fabrikant,Google
John Martinis,Google
Jianyong Zhang,Google
Joshua Maynez,Google
Derya Toka,Google
Sylvain Gelly,Google
Filip Radlinski,Google
Tara Matthews,Google
Michiel Bacchiani,Google
Victoria Schwanda Sosik,Google
Michael Collins,Google
Mehdi S. M. Sajjadi,Google
Reza Ghanadan,Google
Adam Lelkes,Google
Christoph Albrecht,Google
Li Li,Google
Phil Long,Google
Seungil You,Google
Danijar Hafner,Google
Amol Kapoor,Google
William W. Cohen,Google
Lawrence Ip,Google
Brad Chen,Google
Tatiana Merkulova,Google
Chong Wang,Google
Li Zhang,Google
Richard Tucker,Google
Yunkai Zhou,Google
Manaal Faruqui,Google
Xiang Wu,Google
Diane Lambert,Google
Charles Sutton,Google
Jean Pouget-Abadie,Google
Zhi Xu,Google
Trevor Strohman,Google
Maithra Raghu,Google
Elad Hazan,Google
Derek Bruening,Google
Mingcheng Chen,Google
Mehran Bozorgi,Google
Radu Jurca,Google
Štěpán Davidovič,Google
Piotr Zielinski,Google
Sam Greydanus,Google
Hasim Sak,Google
Francisco Passos,Google
Adel El-Atawy,Google
Yuan Zhang,Google
Song Zuo,Google
Ed H. Chi,Google
Sandeep Tata,Google
Jasmine Hsu,Google
Ashutosh Kulshreshtha,Google
Craig Citro,Google
Rory Sayres,Google
Howard Zhou,Google
Josh Lovejoy,Google
Quang Anh Duong,Google
Joseph Bonneau,Google
Haomiao Jiang,Google
Joachim Kupke,Google
Mario Lucic,Google
Anoop Korattikara,Google
Kishore Papineni,Google
Jakub Onufry Wojtaszczyk,Google
Mrinal Kalakrishnan,Google
George Tucker,Google
Stefan Popov,Google
Monique V. Vieira,Google
Evan Jeffrey,Google
Satnam Singh,Google
Tom Madams,Google
Aaron Archer,Google
Jack Sim,Google
Olga Kapralova,Google
Melody Guan,Google
Matt Tierney,Google
Biswanath Panda,Google
Jeff Klingner,Google
Jamie Kiros,Google
Steven Kearnes,Google
Bruno De Backer,Google
Greg Hecht,Google
David Lomax,Google
Dumitru Erhan,Google
Roman Novak,Google
Ashwinkumar Badanidiyuru Varadaraja,Google
Benoit Steiner,Google
Sacha Arnoud,Google
Dotan Emanuel,Google
Andrew Slater,Google
Ahmed M. Aly,Google
Alex Ingerman,Google
Hui Fang,Google
Jort Gemmeke,Google
Lily Peng,Google
Philip Guo,Google
Geetanjali Sampemane,Google
Zhonghua Xi,Google
Ben Hutchinson,Google
Christian Szegedy,Google
Mohammad Izadi,Google
Sugato Basu,Google
Jana Strnadova,Google
Hyun Oh Song,Google
Renato Paes Leme,Google
Tal Cohen,Google
Tony Bruguier,Google
Sarah Lucas,Google
Juhyun Lee,Google
Jon Orwant,Google
Thang Luong,Google
Weifeng Pan,Google
Matthew Brown,Google
Tao Dong,Google
Michael Frumkin,Google
Michael Brundage,Google
Chun-an Chan,Google
Andrew Zaldivar,Google
Xinchen Yan,Google
Marc G. Bellemare,Google
Margaret Mitchell,Google
Andrew Fandrianto,Google
Hartmut Neven,Google
Kevin Regan,Google
Eric Christiansen,Google
Kevin Kilgour,Google
Jeremy Hurwitz,Google
Niki Parmar,Google
Jeremiah J. Harmsen,Google
Rob Shakir,Google
Kevin Swersky,Google
Matthias Blume,Google
David Talbot,Google
Thomas Duebendorfer,Google
Yu He,Google
Jonathan Krause,Google
Anton Bakhtin,Google
Tara N. Sainath,Google
Cedric F. Lam,Google
Brent Bryan,Google
Claire Kayacik,Google
Yuchen Wu,Google
Parisa Tabriz,Google
Ryan H. Moulton,Google
Yuan Xue,Google
Wessam Hassanein,Google
Slava Chernyak,Google
Neil Houlsby,Google
Francois Chollet,Google
Sergey Ioffe,Google
Jing Kong,Google
Mohammad Saleh,Google
Roberto J. Bayardo,Google
Ming Zhao,Google
Marek Fišer,Google
Hieu Pham,Google
Wolfgang Hess,Google
Andreas Veit,Google
Julio Angulo,Google
Jonathan M. McCune,Google
Nadav Golbandi,Google
Rishabh Singh,Google
Francois-Rene Rideau,Google
Nicholas Carlini,Google
Fuchun Peng,Google
Sean Quinlan,Google
Arvind Jain,Google
Bill Byrne,Google
Diomidis Spinellis,Google
Anselm Levskaya,Google
Shraman Ray Chaudhuri,Google
Pat Stephenson,Google
Justin T. Ho,Google
Xiaojing Wang,Google
Ashish Vijay Tendulkar,Google
Xavier Velez,Google
Alejandra Estanislao,Google
Harikrishna Narasimhan,Google
Ryan Harrison,Google
Michael Hughes,Google
David Konerding,Google
Ali Elkahky,Google
Nevin Heintze,Google
Manya Sleeper,Google
Arvind Satyanarayan,Google
Michael Lippautz,Google
Julien Tinnes,Google
Yuk Wah Wong,Google
Dayu Yuan,Google
Dennis Abts,Google
Jenny Chen,Google
Ross McIlroy,Google
Monika Podsiadło,Google
David Weiss,Google
Milad Hashemi,Google
Patrick Riley,Google
Sreenivas Gollapudi,Google
Samy Bengio,Google
Abhijit Mahabal,Google
Garen Checkley,Google
Zafarali Ahmed,Google
Benjamin Eysenbach,Google
Aliaksei Severyn,Google
Marco Fornoni,Google
Denis Baylor,Google
Raphael Cendrillon,Google
Tzvika Hartman,Google
Jeremy Cole,Google
Iulia Ion,Google
Cheng Chen,Google
Ahmed Taei,Google
Uri Nadav,Google
Andrew Adams,Google
Shuang Yin,Google
Mehmet Emre Sargin,Google
Moti Yung,Google
Arkanath Pathak,Google
Chao-Yeh Chen,Google
Mariano Schain,Google
Mostafa Dehghani,Google
Joshua S. Herbach,Google
Jay Han,Google
Alex Gilgur,Google
Yannis Agiomyrgiannakis,Google
Jeongwoo Ko,Google
Diana Jaunzeikare,Google
Ben Poole,Google
Pushmeet Kohli,Google
Milos Besta,Google
Kristina N Toutanova,Google
Sebastian Bruch,Google
Valentin I. Spitkovsky,Google
David Lowe,Google
Nal Kalchbrenner,Google
Ron Merom,Google
Marcin Michalski,Google
Craig Mermel,Google
Madhukar R. Korupolu,Google
Katherine Heller,Google
Uday R. Naik,Google
Andreas Terzis,Google
Wei Wang,Google
Chao Chen,Google
Pauline Anthonysamy,Google
Csaba Szepesvari,Google
Manfred K. Warmuth,Google
Kevin Millikin,Google
Phillip Yelland,Google
Dennis Fetterly,Google
Hayes Raffle,Google
Emily Fertig,Google
Sherry Moore,Google
Christian Plagemann,Google
Tolga Kayadelen,Google
John Khawam,Google
Alexandre Mah,Google
Kunal Talwar,Google
Andrea Tagliasacchi,Google
Noe Lutz,Google
Joseph Roth,Google
Gagan Bansal,Google
John Palowitch,Google
Boulos Harb,Google
George Papandreou,Google
Daniel Peng,Google
Rich Cannings,Google
Saurabh Singh,Google
Warren Shen,Google
Atil Iscen,Google
Bryan Perozzi,Google
Bo Dai,Google
Rahul Sukthankar,Google
Dean Jackson,Google
Tim Blakely,Google
Alan Papir,Google
Deborah Weisser,Google
Matthew Kelcey,Google
Genzhi Ye,Google
Azade Nazi,Google
Michele Spagnuolo,Google
Erwin Coumans,Google
Amitabh Saikia,Google
Joel Shor,Google
Tobias Weyand,Google
Murray Stokely,Google
Bikash Koley,Google
Peng Dai,Google
Sean O'Malley,Google
Dan Gillick,Google
Zhiping Yang,Google
Tim King,Google
Alex Ainslie,Google
Juan Lang,Google
Carolina Parada,Google
Christina Funk,Google
Rehan Khan,Google
Angelika Moscicki,Google
Mark Sandler,Google
Frank Dabek,Google
James Bankoski,Google
Alexander Toshev,Google
Christian Stefansen,Google
Frederic Didier,Google
Ramprasad Venkataraman,Google
Michele Covell,Google
Weicheng Kuo,Google
Aditya Bhaskara,Google
Keith Bonawitz,Google
Kevin Graney,Google
Enrique Alfonseca,Google
Anil Kokaram,Google
Mia Chen,Google
Rob Pike,Google
Anastasios Kementsietsidis,Google
Alexander Kolesnikov,Google
Matthew Otey,Google
Hongji Bao,Google
Josh Mutus,Google
Rif A. Saurous,Google
Rachel Fan,Google
Rishabh Agarwal,Google
Ashish Gupta,Google
Thomas Steiner,Google
Balasubramanian Sivan,Google
Georg Heigold,Google
Matthew C. Loring,Google
Xiance Si,Google
Maxwell Bileschi,Google
Jochen Eisinger,Google
Laura A. Granka,Google
Caitlin Taggart,Google
Brett Slatkin,Google
Ouais Alsharif,Google
Andrew Rosenberg,Google
Karan Singh,Google
Andrew M. Dai,Google
Arkajit Dey,Google
Prabhakar Raghavan,Google
Mila Hardt,Google
Brian Tagiku,Google
Ian Fischer,Google
Nick Johnston,Google
Nicholas Frosst,Google
David Oppenheimer,Google
Farhad Shahmohammadi,Google
Hossein Mobahi,Google
Ana Klimovic,Google
Nicole Forsgren,Google
Casey Burkhardt,Google
Sean Augenstein,Google
Kathryn Rough,Google
Raviteja Vemulapalli,Google
Evgeniy Stepanov,Google
Ehsan Variani,Google
Nemanja Petrovic,Google
Kazoo Sone,Google
Mitch Hatscher,Google
Erich Elsen,Google
Charles DuHadway,Google
Eddie Pettis,Google
Rafael Müller,Google
Ankur Bapna,Google
Ian Tenney,Google
Feng Lu,Google
Kshipra Bhawalkar,Google
Benedikt Meurer,Google
Sanketh Shetty,Google
Jeremy Rahe,Google
James B. Wendt,Google
Matthias Ruhl,Google
Jonathan Berant,Google
Ioannis Tsochantaridis,Google
Lluis Garcia-Pueyo,Google
David Wetherall,Google
Andrew Harp,Google
Stéphane Lafon,Google
Maxwell D. Collins,Google
Aditi Viswanathan,Google
Hyrum Wright,Google
Laszlo Szekeres,Google
Avneesh Sud,Google
John D. Perreault,Google
Richard Rose,Google
Shankar Kumar,Google
Noah Snavely,Google
Ian Langmore,Google
Mateusz Malinowski,Google
David Steiner,Google
Yasaman Bahri,Google
Erika Rice Scherpelz,Google
David Thau,Google
Alexei Czeskis,Google
Dan Ellis,Google
Sagi Perel,Google
Fei Xiao,Google
Mike Schuster,Google
Jess Holbrook,Google
Bridget Spitznagel,Google
Yao-Chung Lin,Google
Piotr Teterwak,Google
Josh Bailey,Google
Yun-hsuan Sung,Google
Finnegan Southey,Google
Kaveh Shahabi,Google
Peter Dienes,Google
Adnan Ozturel,Google
bertrand Le cun,Google
Gary R. Holt,Google
Cheng Yi,Google
Radhika Niranjan Mysore,Google
Andre Gaschler,Google
Vincent Simonet,Google
Pradyumna Narayana,Google
Ekaterina Gonina,Google
Dana Movshovitz-Attias,Google
Eugene Weinstein,Google
Nicolas Remy,Google
Srinivas Vasudevan,Google
Christopher Olah,Google
Ye Jia,Google
Le Zhao,Google
Yasemin Altun,Google
Charles Reis,Google
Zan Armstrong,Google
Goetz Graefe,Google
Jacques Pienaar,Google
Kerry Rodden,Google
Lauren Wilcox,Google
Hugo Larochelle,Google
Matthias Minderer,Google
Jon Feldman,Google
Ted Baltz,Google
Andreas Moser,Google
Joe Gregorio,Google
Ivan Bogatyy,Google
Carrie Grimes Bostock,Google
Chad Yoshikawa,Google
Nishant Patil,Google
Monica Dinculescu,Google
Juergen Sturm,Google
Yongwei Yang,Google
Anand Kanagala,Google
Cayden Meyer,Google
Anne-Claire Haury,Google
Golan Pundak,Google
Michael Abd-El-Malek,Google
Varun Gulshan,Google
Jack Hebert,Google
Kathryn S. McKinley,Google
Marc Najork,Google
Olivia Redfield,Google
Chun-Ta Lu,Google
Matthias Grundmann,Google
Nevan Wichers,Google
Yin-Wen Chang,Google
Fernando V. Bonassi,Google
Jakub Łącki,Google
Bryan Seybold,Google
Adam Feldman,Google
Jahangir Hasan,Google
Wolfgang Grieskamp,Google
Gilad Bracha,Google
Michael Piatek,Google
Tianli Yu,Google
Michael Bendersky,Google
Luca Invernizzi,Google
Behnam Bastani,Google
Abhinav Shrivastava,Google
Ramón Medrano Llamas,Google
Jay Busch,Google
Kayur Patel,Google
Ignacio Lopez Moreno,Google
Gaurav Singh Tomar,Google
Mohammad Sajjad Hossain,Google
Rong Liu,Google
Yuan Yu,Google
Dustin Tran,Google
Jacob Devlin,Google
Weisi Dai,Google
Flavien Prost,Google
Ariel Gordon,Google
Samuel L. Smith,Google
Praveen Paritosh,Google
Yue Chen,Google
Ananth Raghunathan,Google
Minmin Chen,Google
Evgeniy Gabrilovich,Google
Terry Lam,Google
Liviu Panait,Google
Oleksandr Zinenko,Google
Oskar Sandberg,Google
Igor Naverniouk,Google
Mohsen Vakilian,Google
Trevor Gale,Google
Mike Tyka,Google
Bhargav Kanagal,Google
Denton Gentry,Google
Rupa Krishnan,Google
Telmo Pires,Google
Slav Petrov,Google
Tianjian Lu,Google
Andrea Spadaccini,Google
Tiziana Refice,Google
Jayanthkumar Kannan,Google
Arran Schlosberg,Google
Abhinandan Das,Google
Rui Zhao,Google
Oscar Täckström,Google
Avinatan Hassidim,Google
Tomáš Ižo,Google
Sagar Jain,Google
Vitaly Feldman,Google
Françoise Beaufays,Google
Rina Panigrahy,Google
David Akers,Google
Cliff Sze,Google
Xin Luna Dong,Google
Jennifer Petoff,Google
Alexander Gruenstein,Google
Chris Bregler,Google
Gamaleldin Fathy Elsayed,Google
Paul J. Turner,Google
Yin Cui,Google
Seth Ladd,Google
Sara Sabour,Google
David F. Bacon,Google
Andy Davis,Google
Keren Gu,Google
Todd Phillips,Google
Raziel Alvarez,Google
Bernhard Friedrich Brodowsky,Google
Karol Hausman,Google
Bart Samwel,Google
Scott Satkin,Google
Dale Woodford,Google
Chinnadhurai Sankar,Google
Roee Aharoni,Google
Utku Evci,Google
Gokhan Tur,Google
David Mease,Google
Xiaoqiang Zheng,Google
Dina Papagiannaki,Google
Christine Maiquyen Luu,Google
Alireza Ghaffarkhah,Google
Vighnesh Birodkar,Google
Jonathan B. Phillips,Google
Gabriel Ilharco Magalhaes,Google
Niels Provos,Google
Jennifer L. Gove,Google
Chen Gu,Google
Soheil Hassas Yeganeh,Google
Alexander Gorban,Google
Chris Alberti,Google
Nikhil Sharma,Google
Ami Patel,Google
Julie Cattiau,Google
Rob Anderson,Google
Sridhar Srinivasan,Google
Stefan Holmer,Google
Irwan Bello,Google
Richard Chiburis,Google
Edgar A. Duéñez Guzmán,Google
Yasuhisa Fujii,Google
Yuan Yuan,Google
Nan Ding,Google
Lode Vandevenne,Google
Dan Steinberg,Google
Jarek Kusmierek,Google
Johan G. Granstrom,Google
Ryan Babbush,Google
Alexander De Luca,Google
Huazhong Ning,Google
Jakub Konecny,Google
Stéphane Soppera,Google
Hugues Hoppe,Google
Amit Singhal,Google
Ilya Mironov,Google
Bor-Yiing Su,Google
Andrew Allen,Google
Charles Spirakis,Google
Alan Skelley,Google
Eli Bendersky,Google
Eirikur Agustsson,Google
Krzysztof Ostrowski,Google
Alexander D'Amour,Google
Ulrich Rueckert,Google
Carlos Riquelme,Google
Daniel V. Klein,Google
Pararth Shah,Google
Keun Soo Yim,Google
Cheng Li,Google
Martin Ortlieb,Google
Xiaohua Zhai,Google
Daniel Smilkov,Google
Michelle Dimon,Google
Hui Miao,Google
Olivier Siohan,Google
Robert W. Reeder,Google
Rohan Anil,Google
Fernanda Viegas,Google
Bay-Wei Chang,Google
Bruno Cartoni,Google
Mehdi Sharifzadeh,Google
Olivier Pietquin,Google
Xiangyu Wang,Google
Ta'id Holmes,Google
Andrey Zhmoginov,Google
Parisa Haghani,Google
Vihan Jain,Google
Silvio Lattanzi,Google
Alexander Ku,Google
Ulan Degenbaev,Google
Rodrigo Damazio,Google
Ashish Raniwala,Google
Sean Blaes,Google
Boris Smus,Google
George Foster,Google
Sergei Glazunov,Google
Robert Dadashi,Google
Chanwoo Kim,Google
John S. Webb,Google
Naeem Esfahani,Google
Yury Pisarchyk,Google
Ehud Rivlin,Google
Marc Nunkesser,Google
Quan Geng,Google
Robert Spalek,Google
Vitaly Nikolaev,Google
Rastislav Lenhardt,Google
Maya Gupta,Google
Ken Dauber,Google
Michael Vrable,Google
Hugo Penedones,Google
Andrea Knight,Google
Svilen Kanev,Google
Xiaojun Bi,Google
Thomas Deselaers,Google
Isabelle Stanton,Google
Marko Ivanković,Google
Radek Vingralek,Google
Emily Stark,Google
Bradley Taylor,Google
Kentaro Hara,Google
JJ Lueck,Google
Daisy Stanton,Google
Harish Chandran,Google
Effrosyni Kokiopoulou,Google
Noor Ali-Hasan,Google
Vasil S. Denchev,Google
Josh Levenberg,Google
Edward K. Smith,Google
Ari Morcos,Google
Robert Griesemer,Google
Yuxue Jin,Google
Janne Kontkanen,Google
Vincent Wan,Google
Daniel von Dincklage,Google
Roy Tromble,Google
You (Will) Wu,Google
Seungyeon Kim,Google
Rahul Gupta,Google
Akosua Busia,Google
Daniel Hewlett,Google
Arnaud Sahuguet,Google
Andrei Kulik,Google
Michael Burrows,Google
Timur Iskhodzhanov,Google
Hee Jung Ryu,Google
Jing Xie,Google
Jessica Kirchner,Google
Alexander Totok,Google
Ramakrishnan Srikant,Google
Penporn Koanantakool,Google
Jennifer N. Wei,Google
Kunal Taneja,Google
Hyduke Noshadi,Google
Clement Courbet,Google
Raghav Gupta,Google
Aurko Roy,Google
Goran Petrovic,Google
Qifan Wang,Google
Marc Berndl,Google
Bob Felderman,Google
Anelia Angelova,Google
Jichuan Chang,Google
Alfred Z. Spector,Google
Lieven Verslegers,Google
Yaowu Xu,Google
Trieu H. Trinh,Google
John Paul Alex,Google
Maryam Kamvar,Google
Davi de Castro Reis,Google
Will Hayworth,Google
Minghui Shi,Google
Rahul Garg,Google
Chris Chapman,Google
Daniel Keysers,Google
Claudio Criscione,Google
Lukas Weichselbaum,Google
Daniel S. Park,Google
Alexandros Andre Chaaraoui,Google
Keon Jang,Google
Mark Woodward,Google
Illia Polosukhin,Google
Jeff Shute,Google
Bhaskar Mehta,Google
Jianing Wei,Google
Vahid Kazemi,Google
Moustafa A. Hammad,Google
Krishnendu Chaudhury (aka Krish Chaudhury),Google
Colin Evans,Google
Evan Leonard,Google
Christine Robson,Google
Narayan Hegde,Google
Alan Su,Google
Eric Tune,Google
Balint Miklos,Google
Priyam Dutta,Google
Patrick Hummel,Google
Nathan Coehlo,Google
Rebecca Isaacs,Google
Jarrod R. McClean,Google
Tanvir Amin,Google
Jindong (JD) Chen,Google
Maria-Ines Carrera,Google
Sneha Reddy Kudugunta,Google
Mahesh Palekar,Google
Shixiang (Shane) Gu,Google
Andrew Widdowson,Google
Geoffrey E. Hinton,Google
Richard M. Conlan,Google
Neha Nayak,Google
Rafael Fernández-Moctezuma,Google
Dillon Sharlet,Google
Doug Kwan,Google
Pavel Sountsov,Google
Brendan Jou,Google
Joseph Kelly,Google
Chris Frost,Google
Emily Pitler,Google
Francois Belletti,Google
Yuan Wang,Google
Stephan Hoyer,Google
Mustafa Emre Acer,Google
Pasindu De Silva,Google
Elizabeth Churchill,Google
Ozan Cakmakci,Google
Shabsi Walfish,Google
David L. Presotto,Google
Rob Clark,Google
Laura Vardoulakis,Google
Fred Bertsch,Google
Damien Desfontaines,Google
Petar Aleksic,Google
Min Wang,Google
Stefano Mazzocchi,Google
Anna Turner,Google
Xiaobo Fan,Google
Ott Tinn,Google
Krzysztof Kotowicz,Google
Carl Staelin,Google
Nav Jagpal,Google
David A. Ross,Google
Amelia Archer,Google
D. Sculley,Google
Anthony Francis,Google
Marc Pickett,Google
Mark S. Miller,Google
Sebastian Lekies,Google
Aleksey Boyko,Google
Negin (Nicki) Golrezaei,Google
Jun Xu,Google
Yuchung Cheng 鄭又中,Google
Thomas Colthurst,Google
Timothy Yang,Google
Jennifer Zamora,Google
Emmanuel Guere,Google
Michael Tseng,Google
Jie Tan,Google
George Toderici,Google
Paul Barham,Google
Irippuge Milinda Perera,Google
Felicia S. C. Lim,Google
Louis Wasserman,Google
Haim Kaplan,Google
Gabriel Kliot,Google
Alok Kumar,Google
David Martin,Google
Marina Kobayashi,Google
Blake Lemoine,Google
James Laudon,Google
Martin Wattenberg,Google
Stephanie C.Y. Chan,Google
Jeff Bailey,Google
Leonid Velikovich,Google
Dylan Freedman,Google
Austin Waters,Google
Jouni Kerman,Google
Chandler Carruth,Google
Robert E. Gruber,Google
Vineet Gupta,Google
John DeNero,Google
Ruiqi Guo,Google
Ashok Popat,Google
Arvind Neelakantan,Google
Prajit Ramachandran,Google
Manoj Plakal,Google
Emerson Murphy-Hill,Google
Wei Zhang,Google
Alejandro Estrella-Balderrama,Google
Håkan L. S. Younes,Google
Pawel Lichocki,Google
Tyler Akidau,Google
Tom Kenter,Google
Damien Kelly,Google
Kellie Webster,Google
Barclay Osborn,Google
Mykhaylo Andriluka,Google
Felix X. Yu,Google
Michael Cohen,Google
Sean Dorward,Google
Dravyansh Sharma,Google
Ellie Pavlick,Google
Bram Bonné,Google
Cliff Young,Google
Gil Shamir,Google
Jiecao Chen,Google
Ryohei Urata,Google
K. Shirriff,Google
Anne Aula,Google
Pushkar Tripathi,Google
Vincent Perot,Google
Marina Ganea,Google
Pierre Sermanet,Google
Diego Ardila,Google
Matt Welsh,Google
Ravi Jain,Google
Man Kit (Joe) Cheuk,Google
Jayant Madhavan,Google
Tushar Deepak Chandra,Google
Ido Cohn,Google
Viren Jain,Google
Ting Liu,Google
Cory McLean,Google
Urvang Joshi,Google
Mandy Guo,Google
Joe Jiang,Google
Rasmus Munk Larsen,Google
Jan Wassenberg,Google
Aaron Sedley,Google
Bartosz Przydatek,Google
Austin Fowler,Google
Zoran Dimitrijević,Google
Ray Smith,Google
Pranav Khaitan,Google
Max Moroz,Google
Ryan Poplin,Google
Eric Battenberg,Google
Sanjiv Kumar,Google
David Majnemer,Google
JC van Winkel,Google
Rachel Potvin,Google
Wiesner Vos,Google
Niru Maheswaranathan,Google
Tingnan Zhang,Google
Hailong Cai,Google
Samuel J. Yang,Google
Xiaozhou Li,Google
Jie Jessie Ren,Google
Sam Whittle,Google
Lukasz Kaiser,Google
Dror Aiger,Google
Benjamin Lee,Google
Ondrej Sykora,Google
Shailesh Kumar,Google
Nitin Gupta,Google
Patrick Copeland,Google
Bin Shen,Google
John Field,Google
Li Zhang,Google
Masrour Zoghi,Google
Jan Pfeifer,Google
Sowmya Karunakaran,Google
Rohit Jnagal,Google
Albert Cohen,Google
Ted Hardie,Google
Thomas C. Walters,Google
Luke Church,Google
Marija Mikic-Rakic,Google
Tamas Sarlos,Google
Marius Pasca,Google
Henrik Stewénius,Google
Azalia Mirhoseini,Google
Arnar Birgisson,Google
Niket Agarwal,Google
Julius Adebayo,Google
Johnny Chung Lee,Google
Pete Warden,Google
David Sussillo,Google
Xiao Yu,Google
Xuanhui Wang,Google
Cédric Deltheil,Google
Decheng Dai,Google
John Wilkes,Google
Wei Wei,Google
Oriol Vinyals,Google
Marc Donner,Google
Olivier Bousquet,Google
Sebastian Kirsch,Google
Robert Ormandi,Google
Cong Yu,Google
Ana Radovanovic,Google
Stefan Hinterstoisser,Google
Satyen Kale,Google
Heng-Tze Cheng,Google
Po-Hsuan Cameron Chen,Google
Eduard Trulls,Google
Josh Hyman,Google
Dmitry Storcheus,Google
Mohammad Taghi Saffar,Google
Geoffrey Irving,Google
Aakanksha Chowdhery,Google
Robert Hundt,Google
Javier Tordable,Google
Kenton Lee,Google
Nikhil Rao,Google
Philip Quinn,Google
Honglak Lee,Google
Zhongyi (Cherie) Shi,Google
Ravi Kumar,Google
Alexandre Tachard Passos,Google
Xiao Zhang,Google
Hrishikesh Aradhye,Google
Jeremy Ginsberg,Google
Arno Eigenwillig,Google
Alex Wiltschko,Google
Sara Hooker,Google
Edward E. Aftandilian,Google
Klaus Macherey,Google
Leif Johnson,Google
Russell Lee-Goldman,Google
Úlfar Erlingsson,Google
Liu Yang,Google
Robert Bradshaw,Google
Kurt Partridge,Google
Thomas Mensink,Google
Adrienne Porter Felt,Google
Tony Gentilcore,Google
Chenyang Zhang,Google
Jana Iyengar,Google
Mohammed Attia,Google
Shumeet Baluja,Google
Kumar Krishna Agrawal,Google
Rebecca Moore,Google
Annalisa Pawlosky,Google
Sella Nevo,Google
Michael Starzinger,Google
Jon Vaver,Google
Jingning Han,Google
Sameer Agarwal,Google
Derek Zhiyuan Cheng,Google
Bruno Possas,Google
Youlong Cheng,Google
Yunfei Bai,Google
Pascal Getreuer,Google
Joe Faith,Google
Nick Black,Google
David Fork,Google
Xiaoxue Zhao,Google
Nithum Thain,Google
Paul Covington,Google
Beat Gfeller,Google
Paulo Braz Golgher,Google
Dmitry Vyukov,Google
Tali Dekel,Google
Suming Jeremiah Chen,Google
Sandy Ritchie,Google
Yun-Ta Tsai,Google
Eyal Carmi,Google
Greg Kochanski,Google
Lin Liao,Google
Georg M. Goerg,Google
Mirjam Wattenhofer,Google
Dustin Zelle,Google
Jeffrey C. Mogul,Google
Paul Nordstrom,Google
Andy Zeng,Google
Justin McWilliams,Google
Kevin S. McCurley,Google
Dan Zigmond,Google
Zhang Jiang,Google
Ian Simon,Google
Isin Demirsahin,Google
Lawrence Ying,Google
Aniket Mokashi,Google
Lucas Beyer,Google
Oran Lang,Google
Lechao Xiao,Google
Aditya Paliwal,Google
Neal Cardwell,Google
Amir Yazdanbakhsh,Google
Philippe Hamel,Google
Debargha Mukherjee,Google
Yi Liu,Google
Wolfgang Macherey,Google
Caitlin Sadowski,Google
Robert Love,Google
Daniel Golovin,Google
Andrew Gallagher,Google
Zoya Svitkina,Google
Shanqing Cai,Google
Chunhui Gu,Google
Michal Jastrzebski,Google
George Dahl,Google
Michael Rubinstein,Google
Fereshteh Sadeghi,Google
Holger Rapp,Google
Kostas Kollias,Google
Xuezhi Wang,Google
Brandon Yang,Google
Chia-Kai Liang,Google
Juri Ganitkevitch,Google
David K. Rensin,Google
Meire Fortunato,Google
Mei Han,Google
Pablo Samuel Castro,Google
James J. Kuffner,Google
Gunjan Baid,Google
Daniel M. Russell,Google
Alexander W. Blocker,Google
Luis Antonio Perez,Google
Elin Rønby Pedersen,Google
Gurmeet Singh Manku,Google
Kai Kohlhoff,Google
Steven Hickson,Google
Gleb Mazovetskiy,Google
David Gallup,Google
Vijay Vasudevan,Google
Quan Nguyen,Google
Zachary Nado,Google
Jiongxin Jin,Google
Ke Hu,Google
Zvika Ben-Haim,Google
Adam Roberts,Google
Jhilmil Jain,Google
Alexander Gutkin,Google
William T. Freeman,Google
Scott Schwartz,Google
Aaron Cheang,Google
David Morris Hoffman,Google
Ekaterina Ignasheva,Google
Xiaoqiang Luo,Google
Michael Dikovsky,Google
Peng Xu,Google
Paul (Tony) Watson,Google
Vijay Vusirikala,Google
Juan Antonio Elices Crespo,Google
Parthasarathy Ranganathan,Google
Andrew Hard,Google
Evgeny Skvortsov,Google
Amr Ahmed,Google
Chandrasekhar Boyapati,Google
Derek G. Murray,Google
Michael Dietz,Google
Ameesh Makadia,Google
Henry A. Rowley,Google
David Pal,Google
Dara Bahri,Google
Olga Wichrowska,Google
Jay Yagnik,Google
Hao Zhang,Google
Liang-Chieh Chen,Google
Wei Li,Google
Thad Hughes,Google
Patrick Bowen,Google
Zhen Li,Google
Uri Lerner,Google
Richard Hay,Google
Julius Kammerl,Google
Emmanuel Mogenet,Google
Roy Want,Google
Aranyak Mehta,Google
Michael Ringgaard,Google
Abhishek Kumar,Google
Kun Lin,Google
Hongil Yoon,Google
Vignesh Ganapathy,Google
Ilan Horn,Google
Aaron D'Souza,Google
Milo Martin,Google
Victor Carbune,Google
Liang Jia,Google
Michael DeWitt,Google
Shumin Zhai,Google
David Belanger,Google
Konstantinos Bousmalis,Google
Sam Sudar,Google
Manan Shah,Google
Mohamed Elfeky,Google
Jing Conan Wang,Google
Michal Segalov,Google
Andrew Tomkins,Google
Liz Looney,Google
Theresa Breiner,Google
Jeffrey Sorensen,Google
Vincent Vanhoucke,Google
(June) Yuan Shangguan,Google
Ankur Parikh,Google
Moheeb Abu Rajab,Google
Jarek Wilkiewicz,Google
Subhodeep Moitra,Google
Mosha Pasumansky,Google
Jannis Bulian,Google
Marcel Hlopko,Google
Betsy (Adrienne Elizabeth) Beyer,Google
Vivek Kwatra,Google
Qiqi Yan,Google
Mehryar Mohri,Google
Adam Bloniarz,Google
Hao-Tien Lewis Chiang,Google
Ian Lance Taylor,Google
Collin Winter,Google
Andrew T. Miller,Google
Yoshikiyo Kato,Google
Jai Gupta,Google
Pavel Simakov,Google
Chris Quintana,Google
Yael Pritch Knaan,Google
Julian Kelly,Google
Mahima Pushkarna,Google
Tsuwei Chen,Google
Zhe Li,Google
Casey Whitelaw,Google
Michal Lukasik,Google
Cristian Sminchisescu,Google
Michael Stay,Google
SHEN-FU TSAI,Google
Marcus Fontoura,Google
Gang Li,Google
Ankur Taly,Google
Matthieu Geist,Google
Ruofei Du,Google
Ivan Grishchenko,Google
Hongbo Deng,Google
Sen Zhao,Google
Matt Pharr,Google
Vinodkumar Prabhakaran,Google
Lev Shamardin,Google
Mohamed Elhawary,Google
Jiquan Ngiam,Google
Muthian Sivathanu,Google
Shuguang Han,Google
Dale Schuurmans,Google
Panayiotis Mavrommatis,Google
Etienne Pot,Google
Ryan Sepassi,Google
Jeffrey van Gogh,Google
Gregory Collins,Google
Ananya Misra,Google
Jen Tong,Google
Mor Geva,Google
Pieter-jan Kindermans,Google
Qi Zhao,Google
Khe Chai Sim,Google
Peter Norgaard,Google
Knot Pipatsrisawat,Google
Michael Gygli,Google
Zhifeng Chen,Google
David Huffaker,Google
Andrea Gesmundo,Google
Ben L. Titzer,Google
Christopher Semturs,Google
Sergio Guadarrama,Google
Idan Szpektor,Google
Matthew Streeter,Google
Wei Ding,Google
Jennifer Wang,Google
Brad Penoff,Google
Dvir Kafri,Google
William D Heavlin,Google
Christian Buck,Google
Martin Wicke,Google
Evangelos Kanoulas,Google
Sebastian Krause,Google
Denny Vrandečić,Google
Sai Teja Peddinti,Google
Michael De Rosa,Google
Neil Fraser,Google
Melvin Johnson,Google
David X. Chan,Google
Supheakmungkol Sarin,Google
Hank Liao,Google
Younghee Kwon,Google
Niall Murphy,Google
Ricardo A Garcia,Google
Sudheendra Vijayanarasimhan,Google
Renaud Hartert,Google
Chen Wang,Google
Naty Leiser,Google
Jay Adams,Google
Lamtharn (Hanoi) Hantrakul,Google
Anton Geraschenko,Google
Saurabh Kumar,Google
Ali Mousavi,Google
Nithya Sambasivan,Google
Martin Jansche,Google
Paolo M Piselli,Google
Masoud Mohseni,Google
Janak Ramakrishnan,Google
Mohammadhossein Bateni,Google
Caroline Pantofaru,Google
Caglar Gulcehre,Google
Debidatta Dwibedi,Google
Sami Boukortt,Google
Felipe Goldstein,Google
Hossein Ahmadi,Google
Atul Adya,Google
Liqun Cheng,Google
David Soergel,Google
Lamia Youseff,Google
Daniel Freedman,Google
Brian W. Fitzpatrick,Google
Michael Riley,Google
Derek Schuff,Google
Heidi Lam,Google
Noel Gorelick,Google
Ron J. Weiss,Google
Michael Fink,Google
Shanxiang Qi,Google
Boyang Deng,Google
Javier A. Bargas-Avila,Google
Jill Palzkill Woelfer,Google
Dario Freni,Google
Vinay Rao,Google
Oxana Comanescu,Google
Nan Du,Google
Matthew Simpson,Google
Daniel Freeman,Google
Anthony J. Nicholson,Google
Branislav Kveton,Google
Changkyu Kim,Google
Judy Chen,Google
James C. Corbett,Google
Qin Gao,Google
Okan Kolak,Google
Bo Li,Google
Eva Schlinger,Google
Peter Norvig,Google
Scott Wisdom,Google
Valey Kamalov,Google
Rob Siemborski,Google
Damon Kohler,Google
Hassan Wassel,Google
Moritz Hardt,Google
Chung-Cheng Chiu,Google
Pedro J. Moreno,Google
Yonathan Schwarzkopf,Google
Izhak Shafran,Google
Shravan Rayanchu,Google
Domagoj Babic,Google
Jing (David) Dai,Google
Dirk Balfanz,Google
Jakob Uszkoreit,Google
Manish Purohit,Google
Sebastian Schnorf,Google
Hyoun Kyu Cho,Google
Brian Patton,Google
Andrew W. Moore,Google
Matthew Neeley,Google
Lu Jiang,Google
Celal Ziftci,Google
Katja Filippova,Google
Jascha Sohl-dickstein,Google
Sujith Ravi,Google
John Micco,Google
Vijay Janapa Reddi,Google
Vladimir Macko,Google
